url,title,description,date
https://www.bloomberg.com/news/articles/2025-07-16/trump-assails-allies-demanding-epstein-files-as-stupid-people?srnd=homepage-asia,Trump Attacks Allies Demanding Epstein Files as ‘Stupid People’ - Bloomberg,"President Donald Trump lashed out at fellow Republicans who have been calling for his administration to release documents related to disgraced financier and sex offender Jeffrey Epstein, casting the files as a distraction spun up by Democrats to undermine his agenda.","July 16, 2025 at 1:21 PM EDT"
https://www.bloomberg.com/news/features/2025-07-15/dutch-style-road-intersections-offer-a-safer-way-forward-for-bikes-walkers?srnd=homepage-asia,"Dutch-Style Road Intersections Offer a Safer Way Forward for Bikes, Walkers - Bloomberg","Inspired by road safety innovations widely used in the Netherlands, several US cities are installing street crossings that can better protect pedestrians and bicyclists.","July 15, 2025 at 10:29 AM EDT"
https://www.bloomberg.com/news/articles/2025-07-16/india-seeks-lower-tariff-than-indonesia-in-race-to-clinch-deal?srnd=homepage-asia,India Seeks Lower Tariff Than Indonesia in Race to Clinch Deal - Bloomberg,Indian officials are hoping to secure a trade deal with US President Donald Trump at a lower tariff rate than he’d agreed with Indonesia as New Delhi races to meet an Aug. 1 deadline.,"July 16, 2025 at 6:51 AM EDT"
https://www.bloomberg.com/news/features/2025-07-11/us-trade-schools-like-texas-s-tstc-see-rising-enrollment?srnd=homepage-asia,"US Trade Schools, Like Texas’s TSTC, See Rising Enrollment - Bloomberg","There are already more than 400,000 open manufacturing industry jobs in the US, and that’s before the domestic factory boom Trump’s been promising.","July 11, 2025 at 6:00 AM EDT"
https://www.bloomberg.com/news/articles/2025-07-16/trump-memecoin-unlock-to-test-crypto-demand-boost-president-s-wealth?srnd=homepage-asia,"Trump Memecoin Unlock to Test Crypto Demand, Boost President’s Wealth - Bloomberg",A batch of Trump memecoins set to be unlocked this week will test demand for the cryptocurrency and add almost $100 million to the billionaire president’s net worth.,"July 16, 2025 at 9:00 AM EDT"
https://www.bloomberg.com/news/articles/2025-07-15/stock-market-today-dow-s-p-live-updates,"Stock Market Today: Dow, S&P Live Updates for July 16 - Bloomberg","Speculation about the fate of Federal Reserve Chair Jerome Powell set off a short-lived tempest in financial markets Wednesday, with volatility mostly quelled after President Donald Trump said he has no plans to fire the central bank chief and was only discussing it in “concept.”","July 15, 2025 at 6:36 PM EDT"
https://www.bloomberg.com/news/articles/2025-07-15/musk-spacex-share-sale-to-value-company-at-about-400-billion?srnd=homepage-asia,Elon Musk's SpaceX Share Sale to Value Company at About $400 Billion - Bloomberg,"Elon Musk’s SpaceX is planning an insider share sale that would value the company at about $400 billion, according to people familiar with the matter.","July 15, 2025 at 3:10 PM EDT"
https://www.bloomberg.com/news/articles/2025-07-15/asia-s-50-best-bars-2025-bar-leone-in-hong-kong-tops-ranking-again?srnd=homepage-asia,Asia's 50 Best Bars 2025: Bar Leone in Hong Kong Is Named No. 1 Again - Bloomberg,"Hong Kong’s Bar Leone, once again, has been crowned Asia’s best bar.","July 15, 2025 at 10:31 AM EDT"
https://www.bloomberg.com/news/newsletters/2025-07-16/the-most-worrying-economic-chart-in-the-world?srnd=homepage-asia,The Most Worrying Economic Chart in the World - Bloomberg,"Hello and welcome to the newsletter, a grab bag of daily content from the Odd Lots universe. Sometimes it's us, Joe Weisenthal and Tracy Alloway, bringing you our thoughts on the most recent developments in markets, finance and the economy. And sometimes it's contributions from our network of expert guests and sources. Whatever it is, we promise it will always be interesting.","July 16, 2025 at 10:16 AM EDT"
https://www.bloomberg.com/opinion/articles/2025-07-15/diplomatic-experience-is-optional-for-the-president-s-friends?srnd=homepage-asia,Diplomatic Experience Is Optional for the President’s Friends - Bloomberg,Trump went for loyalty with ambassadorial nominations in Southeast Asia.,"July 15, 2025 at 4:00 PM EDT"
https://www.bloomberg.com/news/videos/2025-06-12/the-end-of-the-long-bond-era-video?srnd=homepage-asia,Watch The End of the Long Bond Era - Bloomberg,"From the US to Japan, governments are having to pay investors more to get them to lend money by buying bonds. Now countries everywhere are pulling back on issuing longer-term debt.
 (Source: Bloomberg)","June 12th, 2025, 9:42 PM GMT+0000"
https://www.bloomberg.com/news/features/2025-07-15/why-art-deco-jewelry-from-the-1920s-still-sells-for-millions?srnd=homepage-asia,Why Art Deco Jewelry From the 1920s Still Sells for Millions - Bloomberg,It’s been a century since the exposition in Paris gave birth to a movement. Its appeal has never faded.,"July 15, 2025 at 11:00 AM EDT"
https://www.bloomberg.com/news/articles/2025-07-14/us-immigration-crackdown-raises-concerns-over-child-wellness-checks?srnd=homepage-asia,US Immigration Crackdown Raises Concerns Over Child ‘Wellness Checks’ - Bloomberg,The Trump administration’s $45 billion for detention is raising fresh concerns over law enforcement visits to families.,"July 14, 2025 at 7:00 AM EDT"
https://www.bloomberg.com/news/features/2025-06-12/wall-street-s-blackstone-is-buying-marinas-bigger-yachts-higher-rent?srnd=homepage-asia,"Wall Street’s Blackstone Is Buying Marinas: Bigger Yachts, Higher Rent - Bloomberg",Blackstone and others pledge to improve aging boatyards amid fears that rising slip fees are pricing out the middle class.,"June 12, 2025 at 8:00 AM EDT"
https://www.bloomberg.com/news/videos/2025-07-03/the-lawyer-behind-elon-musk-video?srnd=homepage-asia,"Watch The Lawyer Behind Elon Musk, Jay-Z and Megan Thee Stallion - Bloomberg",Emily Chang meets power lawyer Alex Spiro to discuss how he navigates the high-stakes world of litigation on behalf of famous clients.  (Source: Bloomberg),"July 3rd, 2025, 12:00 PM GMT+0000"
https://www.bloomberg.com/opinion/newsletters/2025-07-16/never-fully-beaten-inflation-is-coming-back-to-life?srnd=homepage-asia,"Never Fully Beaten, Inflation Is Coming Back to Life - Bloomberg",Just in time for a rates showdown between Trump and the Federal Reserve.,"July 16, 2025 at 12:00 AM EDT"
https://www.bloomberg.com/news/articles/2025-07-16/aura-minerals-shares-mixed-in-us-debut-after-oversubscribed-deal?srnd=homepage-asia,"Aura Minerals Shares Mixed in US Trading Debut (AUGO, ORA CN) - Bloomberg","Aura Minerals Inc. shares were little changed from the offer price in a US trading debut, after the gold and copper miner raised $196 million in a listing in New York.","July 16, 2025 at 1:15 PM EDT"
https://www.bloomberg.com/news/articles/2025-07-16/severe-obesity-in-us-children-has-more-than-tripled-since-2008?srnd=homepage-asia,Severe Obesity in US Children Has More Than Tripled Since 2008 - Bloomberg,"The proportion of severely overweight children in the US has skyrocketed in recent years, with the highest rates seen in adolescents and Black children, a new study found.","July 16, 2025 at 11:00 AM EDT"
https://www.bloomberg.com/news/articles/2025-07-16/india-s-sbi-seeks-2-91-billion-via-share-sale-terms-show?srnd=homepage-asia,SBI Seeks $2.9 Billion in Biggest Share Sale to Institutions - Bloomberg,"State Bank of India is seeking to raise as much as 250 billion rupees ($2.9 billion) in India’s biggest share sale to institutional investors as the country’s top lender by assets seeks to bolster its capital base, according to terms of the deal seen by Bloomberg News.","July 16, 2025 at 8:21 AM EDT"
https://www.bloomberg.com/news/articles/2025-07-16/kganyago-sees-south-africa-cpi-staying-in-target-despite-risks?srnd=homepage-asia,Kganyago Sees South Africa CPI Staying in Target Despite Risks - Bloomberg,"South Africa’s central bank Governor Lesetja Kganyago signaled confidence that inflation would remain within its target for the next two years, despite uncertainties stemming from US tariffs.","July 16, 2025 at 12:39 PM EDT"
https://www.bloomberg.com/news/articles/2025-07-16/new-york-s-coqodaq-has-1-000-person-a-night-waitlist-for-sustainable-chicken?srnd=homepage-asia,"New York's Coqodaq Has 1,000 Person-a-Night Waitlist for Sustainable Chicken - Bloomberg","One of New York’s hottest food venues is luring diners with viral caviar-topped nuggets, and delivering a message on environmentally-friendly eating.","July 16, 2025 at 12:50 PM EDT"
https://www.bloomberg.com/news/articles/2025-07-16/dutch-government-ditches-not-realistic-offshore-wind-goal?srnd=homepage-asia,Dutch Government Ditches ‘Not Realistic’ Offshore Wind Goal - Bloomberg,The Netherlands will slash its offshore wind ambitions by as much as 40% as the government no longer finds it viable to aim for 50 gigawatts of generation capacity by 2040.,"July 16, 2025 at 12:42 PM EDT"
https://www.bloomberg.com/opinion/articles/2025-07-15/india-and-asean-are-growing-apart-blame-tariffs?srnd=homepage-asia,India and Asean Are Growing Apart. Blame Tariffs - Bloomberg,Officials in New Delhi worry the bloc is drifting toward China.,"July 15, 2025 at 5:00 PM EDT"
https://www.bloomberg.com/news/articles/2025-07-16/norway-us-have-a-good-tone-in-tariff-talks-stoltenberg-says?srnd=homepage-asia,"Trump Tariffs: Norway, US Have a ‘Good Tone’ in Trade Talks, Stoltenberg Says - Bloomberg","Norway is addressing “some real issues” in its trade talks with the US and still aims to prevent increases in tariffs, according to the country’s finance minister.","July 16, 2025 at 1:26 PM EDT"
https://www.bloomberg.com/news/audio/2025-07-16/bloomberg-surveillance-tariffs-inflation-podcast?srnd=homepage-asia,Bloomberg Surveillance: Tariffs Inflation - Bloomberg,"The economy and the markets are ""under surveillance"" as we cover the latest in finance, economics and investment.",N/A
https://www.bloomberg.com/news/articles/2025-07-15/zambian-small-businesses-get-70-million-boost-to-unlock-growth?srnd=homepage-asia,Zambian Small Businesses Get $70 Million Boost to Aid Growth - Bloomberg,Britain and Sweden’s development-finance arms are partnering with the Zambian National Pension Scheme Authority to launch an investment platform backed by an initial $70 million to provide capital for the southern African nation’s small and medium-sized businesses.,"July 15, 2025 at 5:00 AM EDT"
https://www.bloomberg.com/news/articles/2025-07-16/kkr-said-to-mull-acquisition-of-health-care-technology-firm-gpi?srnd=homepage-asia,KKR Mulls Acquisition of Health-Care Technology Firm GPI (GPI IM) - Bloomberg,"KKR &amp; Co., the buyout firm that’s been scouting for takeover targets amid the recent market volatility, is considering a potential acquisition of Italian health-care technology firm GPI SpA, according to people with knowledge of the matter.","July 16, 2025 at 12:43 PM EDT"
https://www.bloomberg.com/news/features/2025-06-17/compass-private-home-listings-roil-zillow-rival-real-estate-brokerages?srnd=homepage-asia,"Compass' Private Home Listings Roil Zillow, Rival Real Estate Brokerages - Bloomberg",No. 1 brokerage Compass is pushing for sellers to market houses exclusively. Rivals and digital giant Zillow are striking back.,"June 17, 2025 at 8:00 AM EDT"
https://www.bloomberg.com/news/articles/2025-07-15/tetra-pak-s-secretive-rausing-family-builds-9-billion-in-global-stock-bets?srnd=homepage-asia,Tetra Pak’s Secretive Rausing Family Builds $9 Billion in Global Stock Bets - Bloomberg,A mysterious entity based in the heart of Singapore’s financial district emerged as the biggest shareholder in International Flavors &amp; Fragrances Inc. nine years ago.,"July 15, 2025 at 7:05 PM EDT"
https://www.bloomberg.com/news/features/2025-07-15/for-hot-independent-jewelry-designers-art-deco-is-the-secret-sauce?srnd=homepage-asia,"For Hot Independent Jewelry Designers, Art Deco Is the Secret Sauce - Bloomberg","For a certain category of elite jewelers, returning to the century-old style of art deco has been a proven moneymaker.","July 15, 2025 at 12:00 PM EDT"
https://www.bloomberg.com/news/articles/2025-07-15/spacex-said-to-plan-starship-program-for-in-orbit-drug-research?srnd=homepage-asia,SpaceX Plans Starship Program for In-Orbit Drug Research - Bloomberg,"SpaceX is working on a program to use its mammoth Starship rocket to develop commercial products in space, potentially opening up a new business line for the world’s most valuable private startup, according to people familiar with the matter.","July 15, 2025 at 10:17 AM EDT"
https://www.bloomberg.com/news/articles/2025-07-15/forget-doge-elon-musk-is-suddenly-all-in-on-ai?srnd=homepage-asia,Forget DOGE. Elon Musk Is Suddenly All In on AI - Bloomberg,"On this episode of Elon, Inc. , we discuss the new model of his notorious Grok chatbot and reminisce about the Trump administration salad days.","July 15, 2025 at 4:06 PM EDT"
https://www.bloomberg.com/news/articles/2025-07-16/nigeria-inflation-eases-again-bolstering-case-to-hold-rates?srnd=homepage-asia,"Nigeria Inflation Eases Again, Bolstering Case to Hold Rates - Bloomberg","Nigeria’s annual inflation rate fell for a third straight month in June, bolstering the case for policymakers to again keep borrowing costs unchanged as they wait to see if the trend holds.","July 16, 2025 at 11:08 AM EDT"
https://www.bloomberg.com/news/articles/2025-07-15/how-north-korea-is-giving-russia-an-edge-in-the-war-on-ukraine?srnd=homepage-asia,How North Korea Is Giving Russia an Edge in the War on Ukraine - Bloomberg,"Without the involvement of North Korea, Russia’s war in Ukraine might have taken a different turn. The infusion of weaponry and troops provided by Kim Jong Un’s regime has helped Russia to repel Ukrainian forces from its soil and keep up the relentless bombardment of Ukrainian towns and cities. North Korea has likely received military aid in return, increasing the threat posed by the isolated nation to the US and its allies in East Asia.","July 15, 2025 at 8:08 AM EDT"
https://www.bloomberg.com/news/articles/2025-07-16/jpmorgan-is-now-worth-more-than-three-largest-rivals-combined?srnd=homepage-asia,JPMorgan (JPM) Is Now Worth More Than Three Largest Rivals Combined - Bloomberg,JPMorgan Chase &amp; Co. keeps putting more distance between itself and key rivals.,"July 16, 2025 at 12:29 PM EDT"
https://www.bloomberg.com/news/newsletters/2025-07-16/the-electric-vehicle-revolution-will-be-bifurcated?srnd=homepage-asia,The Electric Vehicle Revolution Will Be Bifurcated - Bloomberg,"Thanks for reading Hyperdrive, Bloomberg’s newsletter on the future of the auto world.","July 16, 2025 at 3:00 AM EDT"
https://www.bloomberg.com/news/features/2025-06-10/oil-rich-university-of-texas-wants-to-cash-in-on-ai-solar-wind-crypto?srnd=homepage-asia,"Oil-Rich University of Texas Wants to Cash in on AI, Solar, Wind, Crypto - Bloomberg",The system—with an endowment second only to Harvard’s—is diversifying into wind and solar energy at a fraught time for renewables.,"June 10, 2025 at 8:00 AM EDT"
https://www.bloomberg.com/news/articles/2025-07-16/japan-s-super-long-bonds-rebound-amid-pre-election-volatility,Japan’s Super-Long Bonds Rebound Amid Pre-Election Volatility - Bloomberg,"Japan’s super-long bonds rose on Wednesday, reversing course after a rout earlier in the week over concern that an election this weekend will result in higher government spending.","July 16, 2025 at 2:36 AM EDT"
https://www.bloomberg.com/news/features/2025-07-14/-shark-tank-companies-are-feeling-the-bite-of-trump-s-tariffs?srnd=homepage-asia,‘Shark Tank’ Companies Are Feeling the Bite of Trump’s Tariffs - Bloomberg,"Despite the wild swings in trade policies, these entrepreneurs say the math on reshoring doesn’t work for them.","July 14, 2025 at 7:00 AM EDT"
https://www.bloomberg.com/news/videos/2025-06-24/the-gambler-s-edge-on-wall-street-video?srnd=homepage-asia,Watch The Gambler's Edge on Wall Street - Bloomberg,Poker. Blackjack. Chess. What role does traditional game theory play in the markets? And how are successful traders using it? (Source: Bloomberg),"June 24th, 2025, 12:00 PM GMT+0000"
https://www.bloomberg.com/news/articles/2025-07-16/tesla-readies-a-six-seat-version-of-the-model-y-suv-for-china?srnd=homepage-asia,Tesla Readies a Six-Seat Version of the Model Y SUV for China - Bloomberg,"Tesla Inc. is preparing to launch a longer, six-seat version of its Model Y sport utility vehicle in China, where the carmaker has been losing ground to domestic manufacturers with fresher lineups.","July 16, 2025 at 10:08 AM EDT"
https://www.bloomberg.com/news/articles/2025-07-16/new-world-seeks-to-sell-11-skies-airport-mall-to-boost-liquidity?srnd=homepage-asia,New World Seeks to Sell 11 Skies Airport Mall in Hong Kong - Bloomberg,"New World Development Co. is seeking to sell its flagship 11 Skies airport mall in Hong Kong to address liquidity constraints, according to people familiar with the matter.","July 16, 2025 at 5:15 AM EDT"
https://www.bloomberg.com/news/articles/2025-07-14/la-homelessness-drops-for-second-year-as-new-policies-take-hold?srnd=homepage-asia,LA Homelessness Drops for Second Year - Bloomberg,"Los Angeles County’s homeless population fell for a second straight year, suggesting recent state and local policies are beginning to show results in a region that has been beset by homelessness for decades.","July 14, 2025 at 5:56 PM EDT"
https://www.bloomberg.com/news/newsletters/2025-07-16/nextdoor-makes-a-bet-on-local-news-in-unlikely-partnership?srnd=homepage-asia,Nextdoor Makes a Bet on Local News in Unlikely Partnership - Bloomberg,"Welcome to Tech In Depth, our daily newsletter about the business of tech from Bloomberg’s journalists around the world. Today, Riley Griffin reports on a new partnership between local news organizations and neighborhood social platform Nextdoor.","July 16, 2025 at 7:02 AM EDT"
https://www.bloomberg.com/news/videos/2025-06-20/one-last-ride-in-a-nyc-horse-elevator-video?srnd=homepage-asia,Watch One Last Ride in a NYC Horse Elevator - Bloomberg,"In a residential loft building in Chelsea, one of New York City’s original 19th-century horse elevators managed to survive into modernity - until now. (Source: Bloomberg)","June 20th, 2025, 12:00 PM GMT+0000"
https://www.bloomberg.com/news/videos/2023-12-08/an-optimist-s-guide-to-the-planet-trailer?srnd=homepage-asia,Watch An Optimist's Guide to the Planet Trailer - Bloomberg,"An Optimist's Guide to the Planet captures Nikolaj Coster-Waldau’s search for people across the globe who are helping drive humanity toward a brighter, more sustainable future. (Source: Bloomberg)","December 8th, 2023, 4:00 PM GMT+0000"
https://www.bloomberg.com/news/articles/2025-07-12/lawyers-warn-uk-nda-ban-may-reduce-misconduct-settlement-payouts?srnd=homepage-asia,Lawyers Warn UK NDA Ban May Reduce Misconduct Settlement Payouts - Bloomberg,"A landmark ban on the use of non-disclosure agreements in workplace misconduct cases - a longstanding practice of financial firms - may make it harder for victims to win compensation and discourage some from speaking up, lawyers say.","July 12, 2025 at 4:00 AM EDT"
https://www.bloomberg.com/news/articles/2025-07-16/italy-cracks-down-on-sweatshops-feeding-loro-piana-armani-dior?srnd=homepage-asia,"Italy Cracks Down on Sweatshops Feeding Loro Piana, Armani - Bloomberg","For a decade, a Chinese tailor toiled in a three-story building on the outskirts of Milan, working 13 hours a day making high-end garments for brands including Italian cashmere label Loro Piana.","July 16, 2025 at 6:02 AM EDT"
https://www.bloomberg.com/news/newsletters/2025-07-10/what-will-linda-yaccarino-do-now-that-she-resigned-from-elon-musk-s-x?srnd=homepage-asia,What Will Linda Yaccarino Do Now That She Resigned From Elon Musk's X? - Bloomberg,"Analyzing trends in leadership, company culture and the art of career building.","July 10, 2025 at 12:09 PM EDT"
https://www.bloomberg.com/news/articles/2025-07-16/why-uk-inflation-is-so-high-and-what-it-means-for-interest-rates?srnd=homepage-asia,Why UK Inflation Is So High and What It Means for Interest Rates - Bloomberg,"While a post-pandemic burst of inflation has abated across much of the developed world, Britain is still stuck with the highest price growth among big western economies.","July 16, 2025 at 9:56 AM EDT"
https://www.bloomberg.com/company/news-bureaus/?utm_source=bloomberg-menu&utm_medium=bcom,Press contacts | Bloomberg LP,,N/A
https://www.bloomberg.com/news/newsletters/2025-07-16/saudi-arabia-faces-a-decision-on-cutting-oil-output-after-exceeding-opec-target?srnd=homepage-asia,Saudi Arabia Faces a Decision on Cutting Oil Output After Exceeding OPEC+ Target - Bloomberg,"The kingdom pumped 385,000 barrels a day above its OPEC+ quota, citing Middle East tensions.","July 16, 2025 at 7:59 AM EDT"
https://www.bloomberg.com/news/articles/2025-07-16/goldman-posts-best-stock-trading-quarter-in-the-firm-s-history?srnd=homepage-asia,Goldman Sachs Posts Best Stock-Trading Quarter in the Firm’s History (GS) - Bloomberg,"Goldman Sachs Group Inc.’s stock traders posted the largest revenue haul in Wall Street history, as volatility sparked by the Trump administration’s trade war spurred a second straight record quarter for the unit.","July 16, 2025 at 7:26 AM EDT"
https://www.bloomberg.com/news/audio/2025-07-09/the-deal-will-ahmed-podcast?srnd=homepage-asia,The Deal: Will Ahmed - Bloomberg,Understand every aspect of the global economy – and know how to make your next move.,N/A
https://www.bloomberg.com/news/articles/2025-07-16/spain-blackout-investigation-shows-eu-grids-need-more-resilience?srnd=homepage-asia,Spain Blackout Investigation Shows EU Grids Need More Resilience - Bloomberg,"Preliminary findings of an investigation into a wide-ranging blackout in Spain earlier this year show that European power grids need to improve resilience, according to a report from the European Network of Transmission System Operators for Electricity.","July 16, 2025 at 1:43 PM EDT"
https://www.bloomberg.com/news/articles/2025-07-16/netanyahu-s-coalition-loses-majority-on-feud-over-military-draft?srnd=homepage-asia,Israel Politics: Netanyahu Coalition Loses Majority on Feud Over Military Draft - Bloomberg,Prime Minister Benjamin Netanyahu’s coalition has lost its ruling majority after a second ultra-Orthodox party quit the government over a bill watering down a decades-long religious exemption from military service.,"July 16, 2025 at 11:45 AM EDT"
https://www.bloomberg.com/news/newsletters/2025-07-16/trade-war-latest-indonesia-tariff-deal-with-trump?srnd=homepage-asia,Trade War Latest: Indonesia Tariff Deal With Trump - Bloomberg,Indonesian President Prabowo Subianto on Wednesday confirmed he struck a 19% tariff deal with US President Donald Trump.,"July 16, 2025 at 7:00 AM EDT"
https://www.bloomberg.com/news/articles/2025-07-15/uk-reveals-secret-afghan-migration-program-following-data-breach?srnd=homepage-asia,UK Reveals Secret £850 Million Afghan Plan Over Data Breach - Bloomberg,"The UK’s previous government set up a secret immigration route for Afghans affected by a data breach three years ago and then kept it secret from the British public, Defence Secretary John Healey said.","July 15, 2025 at 8:37 AM EDT"
https://www.bloomberg.com/news/features/2025-05-27/asia-s-sell-america-moment-threatens-7-5-trillion-bet-on-us-dollar-assets?srnd=homepage-asia,"Asia’s ‘Sell America’ Moment Threatens $7.5 Trillion Bet on US Dollar, Assets - Bloomberg",Trump’s policies are turning US markets from a haven into a source of volatility and pain.,"May 27, 2025 at 5:00 PM EDT"
https://www.bloomberg.com/news/newsletters/2025-07-16/india-is-getting-squeezed-between-the-us-russia-and-china?srnd=homepage-asia,"India Is Getting Squeezed Between the US, Russia and China - Bloomberg",New Delhi is banking on an agreement that allows it to dodge punitive US tariffs.,"July 16, 2025 at 6:04 AM EDT"
https://www.bloomberg.com/news/articles/2025-07-16/scale-ai-to-cut-14-of-staff-following-meta-investment?srnd=homepage-asia,Scale AI to Cut 14% of Staff Following Meta Investment - Bloomberg,The AI data-labeling company is laying off 200 full-time employees and will stop working with 500 contractors.,"July 16, 2025 at 11:37 AM EDT"
https://www.bloomberg.com/news/articles/2025-07-16/bahrain-s-pm-vows-17-billion-us-investment-during-trump-meeting?srnd=homepage-asia,Bahrain’s PM Vows $17 Billion US Investment During Trump Meeting - Bloomberg,Bahrain’s Crown Prince Salman bin Hamad Al Khalifa pledged $17 billion worth of investments in the US as he met with President Donald Trump at the White House.,"July 16, 2025 at 12:35 PM EDT"
https://www.bloomberg.com/news/articles/2025-07-15/manhattan-chicago-murder-rates-plunge-in-2025-officials-say?srnd=homepage-asia,"Manhattan, Chicago Murder Rates Drop in 2025, Officials Say - Bloomberg","Officials in Manhattan and Chicago touted sharp drops in homicides in the first six months of 2025, compared to the same period last year.","July 15, 2025 at 1:26 PM EDT"
https://www.bloomberg.com/news/articles/2025-07-15/spacex-dragon-returns-axiom-4-crew-to-earth-from-space-station?srnd=homepage-asia,SpaceX Dragon Returns Axiom-4 Crew to Earth From Space Station - Bloomberg,A SpaceX capsule carrying Axiom Space Inc.’s crew of astronauts from four nations has reached Earth after 18 days aboard the International Space Station.,"July 15, 2025 at 10:05 AM EDT"
https://www.bloomberg.com/news/articles/2025-07-16/asml-cfo-says-trade-war-worries-clients-more-now-than-in-april?srnd=homepage-asia,ASML CFO Says Trade War Worries Clients More Now Than in April - Bloomberg,"ASML Holding NV’s clients are more worried about the global trade war now than they were in April, Chief Financial Officer Roger Dassen said, as the Dutch firm blamed tariffs for clouding its sales outlook next year.","July 16, 2025 at 10:40 AM EDT"
https://www.bloomberg.com/news/articles/2025-06-10/stablecoins-bring-crypto-closer-to-the-mainstream-what-could-go-wrong?srnd=homepage-asia,Stablecoins Bring Crypto Closer to the Mainstream. What Could Go Wrong? - Bloomberg,"Legislation to regulate dollar-linked tokens would tie digital assets into the broader financial system. That’s a big deal, say boosters and critics alike","June 10, 2025 at 8:00 AM EDT"
https://www.bloomberg.com/news/features/2025-07-15/starbucks-bets-on-cold-foam-fast-service-to-drive-sbux-turnaround?srnd=homepage-asia,"Starbucks' (SBUX) Brian Niccol Bets on Menu Revamp, Viral Cold Foam - Bloomberg","Brian Niccol’s turnaround strategy, complete with cold and protein-infused foams, is starting to yield results. How long will it take—and how much will it cost?","July 15, 2025 at 5:00 PM EDT"
https://www.bloomberg.com/news/articles/2025-07-16/biggest-banks-loan-yields-keep-falling-even-as-fed-remains-wary?srnd=homepage-asia,Biggest Banks’ Loan Yields Keep Falling Even as Fed Remains Wary - Bloomberg,"President Donald Trump is frustrated that the Federal Reserve hasn’t lowered interest rates this year. At the biggest US banks, loan yields are steadily dropping anyway.","July 16, 2025 at 10:53 AM EDT"
https://www.bloomberg.com/news/articles/2025-07-16/carney-should-bar-us-firms-from-projects-as-trade-leverage-scotiabank-says?srnd=homepage-asia,"Canada Should Bar US Firms From Projects as Trade Leverage, Scotiabank Says - Bloomberg","Canada should consider excluding US companies from major infrastructure and defense projects as part of its response to the Trump administration’s barrage of tariffs, according to a Bank of Nova Scotia economist.","July 16, 2025 at 11:44 AM EDT"
https://www.bloomberg.com/news/articles/2025-07-10/trump-s-cuts-to-federal-government-are-making-data-disappear?srnd=homepage-asia,Trump’s Cuts to Federal Government Are Making Data Disappear - Bloomberg,Online tools that professionals use for everything from diagnosing diseases to calculating insurance payouts are going dark.,"July 10, 2025 at 6:00 AM EDT"
https://www.bloomberg.com/news/articles/2025-07-14/tesla-s-long-awaited-india-debut-bets-on-luxury-vehicle-buyers,Elon Musk's Tesla Model Y's India Debut Bets on Luxury EV Buyers - Bloomberg,"Tesla Inc. opened its first India showroom, showcasing Model Y cars with a starting price of nearly $70,000, as Elon Musk’s electric-vehicle maker looks to tap new markets and offset slowing sales where it’s already well established.","July 14, 2025 at 7:30 PM EDT"
https://www.bloomberg.com/news/newsletters/2025-07-15/hedge-funds-in-ukraine-are-drawing-a-line-in-state-rail-bond-restructuring?srnd=homepage-asia,Hedge Funds in Ukraine Are Drawing a Line in State Rail Bond Restructuring - Bloomberg,Credit investors have largely supported debt restructurings in Ukraine since Russia’s invasion. But some holders of Ukrainian Railways’ bonds are reluctant to engage in new debt talks until the government allows it to raise freight charges.,"July 15, 2025 at 11:28 AM EDT"
https://www.bloomberg.com/account/newsletters,Newsletters - Bloomberg,"Get newsletters like the Morning and Evening Briefings, Markets Daily, Matt Levine's Money Stuff and more when you subscribe today.",N/A
https://www.bloomberg.com/news/articles/2025-07-16/eurazeo-growth-fund-gets-650-million-in-first-close-for-ai-bets?srnd=homepage-asia,Eurazeo’s New Growth Fund Raises €650 Million in First Close - Bloomberg,"European investment group Eurazeo SE has raised €650 million ($752 million) at the first close of its latest growth fund, potentially adding to an AI-fueled recovery in funding for the region’s tech firms.","July 16, 2025 at 11:35 AM EDT"
https://www.bloomberg.com/news/articles/2025-07-16/when-will-google-announce-the-pixel-10-august-20-what-s-new-about-the-pixel-10?srnd=homepage-asia,When Will Google Announce the Pixel 10? August 20. What's New About the Pixel 10 - Bloomberg,"Alphabet Inc.’s Google will debut new Pixel-branded hardware at an event on Aug. 20 in New York, with the lineup expected to include several smartphones and a smartwatch, all powered by the company’s artificial intelligence technology.","July 16, 2025 at 12:12 PM EDT"
https://www.bloomberg.com/news/articles/2025-07-16/gamestop-s-staplegate-nintendo-switch-2-fetches-250-000-in-auction?srnd=homepage-asia,"GameStop’s ‘Staplegate’ Nintendo Switch 2 Fetches $250,000 in Auction - Bloomberg",It could have been a marketing mess.,"July 16, 2025 at 12:52 PM EDT"
https://www.bloomberg.com/news/articles/2025-07-16/ex-nypd-commissioner-sues-adams-over-systemic-corruption?srnd=homepage-asia,Ex-NYPD Commissioner Sues Mayor Eric Adams Over 'Systemic Corruption' - Bloomberg,"New York’s former interim police commissioner sued Mayor Eric Adams, accusing him of engaging in systemic corruption and using the police department to consolidate political power.","July 16, 2025 at 11:35 AM EDT"
https://www.bloomberg.com/news/articles/2025-07-16/why-thames-water-faces-nationalization-threat-as-losses-growing-debt-bite?srnd=homepage-asia,"Why Thames Water Faces Nationalization Threat as Losses, Growing Debt Bite - Bloomberg",Britain’s water industry is bracing for the biggest overhaul since privatization in 1989 amid a scandal over systematic sewage spills and chronic pipe leaks. Customers are set to shoulder the cost of fixing the problems through the largest ever bill increases for households and businesses.,"July 16, 2025 at 9:53 AM EDT"
https://www.bloomberg.com/news/articles/2025-07-16/momentum-builds-in-eu-to-use-its-most-powerful-trade-tool-on-us?srnd=homepage-asia,France Adds Support for Using Most-Potent Trade Tool on US - Bloomberg,A growing number of European Union member states want the bloc to activate its most powerful trade tool against the US should the two sides fail to reach an acceptable agreement by Aug. 1 and Donald Trump carries out his threat of 30% tariffs on the US’s largest trading partner.,"July 16, 2025 at 5:40 AM EDT"
https://www.bloomberg.com/news/articles/2025-07-16/australia-eyes-cash-distribution-reform-as-online-payments-boom?srnd=homepage-asia,Australia Eyes Cash Distribution Reform as Online Payments Boom - Bloomberg,Australian regulators will look into a potential framework for the distribution of physical money across the country as increasing use of online and card payments add to complexities of keeping cash in circulation.,"July 16, 2025 at 12:17 AM EDT"
https://www.bloomberg.com/news/newsletters/2025-07-16/trump-targets-nasa-space-junk-tracking-service-that-he-started?srnd=homepage-asia,Trump Targets NASA Space Junk Tracking Service That He Started - Bloomberg,"Hello, this is Melos Ambaye in New York. During his first term, President Donald Trump started a space traffic safety program to keep track of objects in orbit, including space junk. Now, at a time when the risks from collisions with space debris are growing, he’s trying to cut it. But first ...","July 16, 2025 at 10:06 AM EDT"
https://www.bloomberg.com/news/articles/2025-07-16/trump-says-he-ll-send-tariff-letters-to-more-than-150-countries,Trump Says He’ll Send Tariff Letters to More Than 150 Countries - Bloomberg,President Donald Trump said he would send letters to more than 150 countries notifying them of tariff rates as he pushes ahead with a trade agenda that has sent US partners racing to avoid higher import taxes.,"July 16, 2025 at 12:19 PM EDT"
https://www.bloomberg.com/opinion/articles/2025-07-15/digital-dollars-will-pay-interest-by-the-back-door?srnd=homepage-asia,Digital Dollars Will Pay Interest — By the Back Door - Bloomberg,"Stablecoins won’t be allowed to offer returns, so their users will earn yields via tokenized money-market funds.","July 15, 2025 at 3:00 PM EDT"
https://www.bloomberg.com/news/articles/2025-07-16/nba-to-explore-expansion-for-first-time-in-20-years?srnd=homepage-asia,"NBA Eyes First Expansion in 20 Years; Las Vegas, Seattle Favored - Bloomberg",The NBA has officially begun the process to expand for the first time in more than two decades.,"July 16, 2025 at 1:01 AM EDT"
https://www.bloomberg.com/news/articles/2025-07-16/brazil-seeks-to-calm-fears-it-will-run-out-of-beds-for-cop30?srnd=homepage-asia,Brazil Seeks to Calm Fears It Will Run Out of Beds for COP30 - Bloomberg,"With less than four months to go until the COP30 climate summit in the Amazon city of Belém, Brazil’s government is trying to reassure those planning to attend that there’ll be enough places to sleep.","July 16, 2025 at 1:00 PM EDT"
https://www.bloomberg.com/news/articles/2025-07-15/white-house-readies-order-to-bring-private-equity-to-401-k-s?srnd=homepage-asia,White House Readies Order to Bring Private Equity to 401(k)s - Bloomberg,"The Trump administration is finalizing an executive order that would pave the way for 401(k) retirement savings plans to invest in private equity, according to people familiar with the matter.","July 15, 2025 at 6:33 PM EDT"
https://www.bloomberg.com/news/audio/2025-07-14/rohit-chopra-on-why-banks-are-turning-themselves-into-super-apps-odd-lots?srnd=homepage-asia,Odd Lots: Why US Banks Are Trying to Turn Themselves Into Super Apps - Bloomberg,Understand every aspect of the global economy – and know how to make your next move.,N/A
https://www.bloomberg.com/news/features/2025-06-12/hong-kong-builds-new-tech-hub-on-mainland-china-border-northern-metropolis?srnd=homepage-asia,Hong Kong Builds New Tech Hub on Mainland China Border: Northern Metropolis - Bloomberg,"Northern Metropolis could align the city even more with the mainland, at a time when its finance and property sectors are faltering.","June 12, 2025 at 6:00 PM EDT"
https://www.bloomberg.com/news/newsletters/2025-07-16/southeast-asia-s-biggest-economy-becomes-a-global-dealmaker?srnd=homepage-asia,Southeast Asia’s Biggest Economy Becomes a Global Dealmaker - Bloomberg,"I’m Chris Anstey, an economics editor in Boston. Today we’re looking at international deal-making by Southeast Asia’s biggest economy. Send us feedback and tips to ecodaily@bloomberg.net. And if you aren’t yet signed up to receive this newsletter, you can do so here.","July 16, 2025 at 7:00 AM EDT"
https://www.bloomberg.com/news/features/2025-06-17/mark-cuban-s-health-care-startup-could-set-up-2028-presidential-run?srnd=homepage-asia,Mark Cuban’s Health-Care Startup Could Set Up 2028 Presidential Run - Bloomberg,"He’s a sports mogul, small-business influencer, media personality, health-care disruptor—and the ultimate Trump foil.","June 17, 2025 at 5:00 AM EDT"
https://www.bloomberg.com/news/features/2025-06-24/gap-ceo-s-turnaround-plan-was-working-until-trump-s-tariffs-derailed-it?srnd=homepage-asia,Gap CEO’s Turnaround Plan Was Working Until Trump’s Tariffs Derailed It - Bloomberg,The iconic ’90s retailer was on the precipice of death for years. Richard Dickson finally had momentum for a comeback—then came Trump.,"June 24, 2025 at 5:00 AM EDT"
https://www.bloomberg.com/news/articles/2025-07-16/trump-now-says-firing-powell-unlikely-whipsawing-markets?srnd=homepage-asia,Trump Denies Plan to Ax Powell After Floating Idea to Lawmakers - Bloomberg,"President Donald Trump denied he is seeking to remove Federal Reserve Chair Jerome Powell, after raising the idea in a closed-door meeting with congressional Republicans that leaked to the media.","July 16, 2025 at 12:18 PM EDT"
https://www.bloomberg.com/news/videos/2025-06-25/principles-with-bill-belichick-and-ray-dalio-video?srnd=homepage-asia,Watch Principles of Success With Bill Belichick and Ray Dalio - Bloomberg,"Alex Rodriguez and Jason Kelly sit for a special conversation with two titans, football coach Bill Belichick and Bridgewater founder Ray Dalio, to learn their guiding principles for success. (Source: Bloomberg)","June 25th, 2025, 10:00 PM GMT+0000"
https://www.bloomberg.com/news/articles/2025-07-16/trump-softens-tone-on-china-to-secure-xi-summit-and-a-trade-deal?srnd=homepage-asia,"Trump Softens Tone on China to Secure Xi Summit, Trade Deal - Bloomberg","President Donald Trump has dialed down his confrontational tone with China in an effort to secure a summit with counterpart Xi Jinping and a trade deal with the world’s second-largest economy, people familiar with internal deliberations said.","July 16, 2025 at 10:33 AM EDT"
https://www.bloomberg.com/account/newsletters/sports?srnd=homepage-asia,Business of Sports,"Delivering the context you need on the collision of power, money and sports, from the latest deals to the newest stakeholders.","July 10, 2025"
https://www.bloomberg.com/news/articles/2025-07-16/japan-inc-takes-global-bond-market-by-storm-with-record-sales?srnd=homepage-asia,Japan Inc. Takes Global Credit by Storm With Record Sales - Bloomberg,Debt bankers and investors are bracing for what is shaping up to be the next big trend in the global credit market: Japan Inc. raising billions abroad.,"July 16, 2025 at 6:43 AM EDT"
https://www.bloomberg.com/news/articles/2025-07-16/how-9-bosses-optimize-their-sleep-routine-for-a-good-night-s-rest?srnd=homepage-asia,"How Uber, Carlsberg, Impossible Foods Bosses Optimize Their Sleep Routine - Bloomberg",Nine CEOs and founders on their nighttime nonnegotiables.,"July 16, 2025 at 5:00 AM EDT"
https://www.bloomberg.com/news/articles/2025-07-16/haagen-dazs-maker-prices-debt-for-4-4-billion-payout-to-owners?srnd=homepage-asia,Häagen-Dazs Maker Prices Debt for €4.4 Billion Payout to Owners - Bloomberg,"Froneri International Ltd., the maker of Häagen-Dazs ice cream, is wrapping up commitments for a debt deal to help fund one of the largest shareholder payouts on record, as its private equity co-owner looks to keep its stake in the company for longer.","July 16, 2025 at 1:24 PM EDT"
https://www.bloomberg.com/news/audio/2025-07-16/zero-trump-s-big-beautiful-bill-is-a-big-climate-mess-podcast?srnd=homepage-asia,Zero: Trump’s Big Beautiful Bill is a Big Climate Mess - Bloomberg,Understand every aspect of the global economy – and know how to make your next move.,N/A
https://www.bloomberg.com/news/features/2025-06-09/trump-tower-belgrade-sparks-serbia-backlash-corruption-probe-kushner-deal?srnd=homepage-asia,"Trump Tower Belgrade Sparks Serbia Backlash, Corruption Probe: Kushner Deal - Bloomberg",A luxe hotel and apartments would go on the site of a defense ministry bombed by US-led NATO forces in 1999. A former government official was accused of forging paperwork to clear the way for the project.,"June 9, 2025 at 2:19 PM EDT"
https://www.bloomberg.com/news/articles/2025-07-15/birthright-citizenship-the-legal-fight-over-trump-s-order-explained?srnd=homepage-asia,"Birthright Citizenship: The Legal Fight Over Trump’s Order, Explained - Bloomberg","President Donald Trump is fighting to end automatic citizenship for children born to parents who are in the country unlawfully or on temporary visas, part of his broader crackdown on undocumented immigrants and a change that could overturn more than a century of legal precedent.","July 15, 2025 at 12:14 PM EDT"
https://www.bloomberg.com/news/articles/2025-07-16/pnc-considers-charging-fintechs-for-access-to-customer-data?srnd=homepage-asia,PNC Considers Charging Fintechs for Access to Customer Data - Bloomberg,"PNC Financial Services Group Inc. is considering charging financial-technology companies for access to valuable customer data, following the lead of JPMorgan Chase &amp; Co., Chief Executive Officer Bill Demchak said.","July 16, 2025 at 11:26 AM EDT"
